{
  "CPU - Primes" : {
    "transaction" : "CPU - Primes",
    "sampleCount" : 200,
    "errorCount" : 0,
    "errorPct" : 0.0,
    "meanResTime" : 289.48999999999995,
    "medianResTime" : 80.0,
    "minResTime" : 2.0,
    "maxResTime" : 1524.0,
    "pct1ResTime" : 928.8000000000001,
    "pct2ResTime" : 1156.85,
    "pct3ResTime" : 1382.920000000001,
    "throughput" : 4.21274354923644,
    "receivedKBytesPerSec" : 0.9936562006319115,
    "sentKBytesPerSec" : 0.5883030542390731
  },
  "CPU - Sort" : {
    "transaction" : "CPU - Sort",
    "sampleCount" : 200,
    "errorCount" : 0,
    "errorPct" : 0.0,
    "meanResTime" : 2610.579999999999,
    "medianResTime" : 1935.0,
    "minResTime" : 20.0,
    "maxResTime" : 8348.0,
    "pct1ResTime" : 5673.2,
    "pct2ResTime" : 6684.349999999999,
    "pct3ResTime" : 8047.2500000000055,
    "throughput" : 4.201062868905833,
    "receivedKBytesPerSec" : 1.6439325164891718,
    "sentKBytesPerSec" : 0.5743640641082194
  },
  "Memory - Allocate" : {
    "transaction" : "Memory - Allocate",
    "sampleCount" : 200,
    "errorCount" : 130,
    "errorPct" : 65.0,
    "meanResTime" : 697.8900000000004,
    "medianResTime" : 604.5,
    "minResTime" : 66.0,
    "maxResTime" : 2672.0,
    "pct1ResTime" : 1267.8000000000002,
    "pct2ResTime" : 1901.4499999999982,
    "pct3ResTime" : 2423.3600000000015,
    "throughput" : 4.199122383421865,
    "receivedKBytesPerSec" : 1.0385651664427136,
    "sentKBytesPerSec" : 0.652012166957106
  },
  "Total" : {
    "transaction" : "Total",
    "sampleCount" : 800,
    "errorCount" : 253,
    "errorPct" : 31.625,
    "meanResTime" : 998.8962499999988,
    "medianResTime" : 577.0,
    "minResTime" : 2.0,
    "maxResTime" : 8348.0,
    "pct1ResTime" : 2573.3999999999996,
    "pct2ResTime" : 4533.499999999994,
    "pct3ResTime" : 6860.420000000002,
    "throughput" : 16.678480590418214,
    "receivedKBytesPerSec" : 4.663398455416337,
    "sentKBytesPerSec" : 2.3820583851061166
  },
  "Memory - Retain" : {
    "transaction" : "Memory - Retain",
    "sampleCount" : 200,
    "errorCount" : 123,
    "errorPct" : 61.5,
    "meanResTime" : 397.62500000000006,
    "medianResTime" : 285.0,
    "minResTime" : 10.0,
    "maxResTime" : 1345.0,
    "pct1ResTime" : 904.0,
    "pct2ResTime" : 1066.7999999999997,
    "pct3ResTime" : 1342.6500000000012,
    "throughput" : 4.24844931599966,
    "receivedKBytesPerSec" : 1.0362440853619679,
    "sentKBytesPerSec" : 0.5932893087772962
  }
}