{
  "Total" : {
    "transaction" : "Total",
    "sampleCount" : 1000,
    "errorCount" : 0,
    "errorPct" : 0.0,
    "meanResTime" : 1.9490000000000016,
    "medianResTime" : 1.0,
    "minResTime" : 0.0,
    "maxResTime" : 240.0,
    "pct1ResTime" : 3.0,
    "pct2ResTime" : 4.0,
    "pct3ResTime" : 5.990000000000009,
    "throughput" : 102.9336078229542,
    "receivedKBytesPerSec" : 22.378007591353576,
    "sentKBytesPerSec" : 12.866700977869275
  },
  "HTTP Request" : {
    "transaction" : "HTTP Request",
    "sampleCount" : 1000,
    "errorCount" : 0,
    "errorPct" : 0.0,
    "meanResTime" : 1.9490000000000016,
    "medianResTime" : 1.0,
    "minResTime" : 0.0,
    "maxResTime" : 240.0,
    "pct1ResTime" : 3.0,
    "pct2ResTime" : 4.0,
    "pct3ResTime" : 5.990000000000009,
    "throughput" : 102.9336078229542,
    "receivedKBytesPerSec" : 22.378007591353576,
    "sentKBytesPerSec" : 12.866700977869275
  }
}